ETF代码,ETF名称,基金规模,next_crawl_index
159217,港股通创新药ETF工银,49.33907894,110
159570,港股通创新药ETF汇添富,240.61987534,110
520500,恒生创新药ETF华泰柏瑞,26.64382861,110
159316,港股通创新药ETF易方达,44.63824095,110
159567,港股创新药ETF银华,73.47819416,110
159707,地产ETF华宝,5.8594055,110
513120,港股创新药ETF广发,239.40780584,110
159286,港股通创新药ETF鹏华,5.42615138,110
513880,日经225ETF华安,26.6149473,110
159297,港股通创新药ETF南方,20.48224211,110
513000,日经225ETF易方达,22.06715542,110
516370,电力ETF汇添富,2.60911392,110
520930,恒生生物科技ETF国泰,1.10662249,110
513780,港股创新药ETF景顺,26.63880364,110
159506,港股通创新药医疗ETF富国,26.13049927,110
520690,港股创新药ETF博时,5.36933978,110
513520,日经ETF华夏,23.57265523,110
159748,创新药ETF富国,6.51462487,110
159105,恒生生物科技ETF易方达,1.50833666,110
513930,恒生生物科技ETF华泰柏瑞,0.68008912,110
561700,电力ETF博时,4.39878562,110
159158,电力ETF景顺,12.80482059,110
562350,电力ETF银华,1.37666635,110
513280,恒生生物科技ETF汇添富,4.25541977,110
159892,恒生医药ETF华夏,52.93292017,110
520880,港股通创新药ETF华宝,26.12443795,110
159615,恒生生物科技ETF南方,6.10749512,110
159768,房地产ETF银华,3.81116543,110
159611,电力ETF广发,90.40390734,110
520700,港股通创新药ETF万家,7.56904576,110
159866,日经ETF工银,12.37591414,110
561560,电力ETF华泰柏瑞,33.57841933,110
562960,绿色电力ETF易方达,15.42519816,110
159132,恒生生物科技ETF富国,0.80434134,110
512140,电力ETF华安,1.72431459,110
560580,电力ETF南方,4.71243937,110
560460,电力ETF平安,4.11901488,110
562550,绿电ETF华夏,20.88246307,110
560930,电力ETF易方达,2.2156508,110
520970,港股通创新药ETF嘉实,10.15355302,110
561170,绿色电力ETF富国,5.86268379,110
159557,恒生医疗ETF嘉实,2.29718811,110
562510,旅游ETF华夏,6.40770475,110
159102,港股通生物科技ETF华安,5.62943706,110
520760,恒生生物科技ETF摩根,1.81232634,110
560190,公用事业ETF鹏华,0.25996776,110
159146,电力ETF华宝,9.89249695,110
159301,公用事业ETF华夏,1.28597818,110
517380,创新药ETF天弘,15.60654739,110
159776,港股医药ETF银华,0.97710172,110
560270,电力ETF工银,1.58694558,110
159159,公用事业ETF国投瑞银,1.54292825,110
159169,恒生生物科技ETF广发,1.74559927,110
513200,港股通医药ETF易方达,12.51823478,110
560480,电力ETF招商,1.54215195,110
560830,电力ETF华夏,8.92032282,110
513060,恒生医疗ETF博时,58.34548392,110
159766,旅游ETF富国,35.81818792,110
560450,电力ETF天弘,3.13627323,110
512690,酒ETF鹏华,156.33216045,110
515650,消费50ETF富国,32.65650384,110
159622,创新药ETF东财,10.12574026,110
517110,创新药ETF国泰,5.32290189,110
517120,创新药ETF华泰柏瑞,2.8305553,110
159718,港股医药ETF平安,1.7894712,110
159303,恒生医疗ETF大成,0.95798121,110
560620,公用事业ETF万家,0.29884764,110
159130,恒生生物科技ETF鹏华,2.10239362,110
159834,金ETF南方,19.22183544,110
560680,消费ETF广发,2.39320005,110
159937,黄金ETF博时,464.0681791,110
510630,消费ETF华夏,4.61489579,110
513700,港股通医药ETF鹏华,5.67958068,110
518890,上海金ETF中银,39.53034532,110
512120,医药ETF华安,3.46163842,110
513110,纳指ETF华泰柏瑞,54.2654492,110
159941,纳指ETF广发,380.41328292,110
159798,消费ETF易方达,1.118796,110
518850,黄金ETF华夏,173.0627305,110
518680,金ETF富国,80.15729763,110
518880,黄金ETF华安,1057.68316296,110
159862,食品饮料ETF银华,1.99867854,110
159831,金ETF嘉实,19.81210321,110
159934,黄金ETF易方达,398.57956265,110
518600,金ETF广发,75.57832532,110
159812,黄金ETF前海开源,17.55123075,110
518660,黄金ETF工银,89.73955614,110
518800,黄金ETF国泰,383.1531012,110
159830,金ETF天弘,38.38206312,110
517880,品牌消费ETF华泰柏瑞,0.38964859,110
159928,消费ETF汇添富,162.98039464,110
159632,纳斯达克ETF华安,120.82843205,110
159696,纳指ETF易方达,52.31320931,110
518860,上海金ETF建信,47.69550793,110
516900,食品饮料ETF华安,1.85979897,110
515710,食品饮料ETF华宝,12.94878101,110
159268,港股通消费ETF汇添富,4.488449,110
513390,纳指100ETF博时,45.74627315,110
159660,纳指ETF汇添富,51.20781443,110
561510,中药ETF华泰柏瑞,0.6064158,110
513300,纳斯达克ETF华夏,142.71393028,110
159843,食品饮料ETF招商,3.73774876,110
159659,纳斯达克100ETF招商,102.84866513,110
159689,消费ETF南方,0.57472357,110
159647,中药ETF鹏华,14.30413119,110
517990,沪港深医药ETF招商,0.37966223,110
513100,纳指ETF国泰,215.16469667,110
515220,煤炭ETF国泰,118.45127052,110
159670,消费50ETF国联安,0.49512538,110
512600,消费ETF嘉实,8.97144584,110
513970,恒生消费ETF景顺,17.59062914,110
560900,创新药ETF摩根,1.65144353,110
159513,纳斯达克100ETF大成,77.35424686,110
560080,中药ETF汇添富,25.50957053,110
515170,食品饮料ETF华夏,44.01136864,110
159672,消费ETF博时,0.84815041,110
159577,美国50ETF汇添富,10.7063758,110
159736,食品饮料ETF天弘,46.86013826,110
513870,纳指ETF富国,26.20658563,110
516060,创新药ETF工银,1.90395826,110
159699,恒生消费ETF广发,7.06982495,110
159726,港股通高股息ETF华夏,4.07882269,110
520620,恒生消费ETF嘉实,3.10385068,110
520520,恒生消费ETF华泰柏瑞,0.58423032,110
159992,创新药ETF银华,143.19568866,110
159508,生物医药ETF华安,0.4997174,110
513230,港股通消费ETF华夏,3.98637011,110
159280,港股通互联网ETF汇添富,0.813301,110
512010,医药ETF易方达,168.64839072,110
159228,红利低波ETF长城,1.38141562,110
562050,药ETF华宝,0.97205284,110
526010,港股通医疗ETF汇添富,0.85855376,110
159858,创新药ETF南方,4.6471427,110
512290,生物医药ETF国泰,36.44875048,110
513730,东南亚科技ETF华泰柏瑞,11.12030015,110
515120,创新药ETF广发,93.63084326,110
159265,港股消费ETF鹏华,2.36560654,110
513590,港股通消费ETF鹏华,1.2697512,110
510660,医药ETF华夏,0.95611355,110
159501,纳指ETF嘉实,133.19765616,110
513070,港股通消费ETF易方达,16.5178903,110
159760,医疗健康ETF泰康,0.78013402,110
159625,绿色电力ETF嘉实,32.38812993,110
159207,高股息ETF广发,17.34731196,110
159835,创新药ETF建信,2.97009974,110
159735,港股消费ETF银华,6.35877349,110
563690,红利低波ETF永赢,0.43396584,110
159547,红利低波ETF华夏,13.47447012,110
159391,大盘价值ETF博时,1.06981669,110
159366,港股医疗ETF永赢,2.99294682,110
560520,红利低波100ETF大成,0.13137618,110
516080,创新药ETF易方达,16.87267873,110
563020,红利低波ETF易方达,105.34944269,110
513360,教育ETF博时,3.0061739,110
159285,港股通消费ETF华安,2.41985244,110
159355,800红利低波ETF华宝,1.10916928,110
159021,大盘价值ETF华夏,2.06733388,110
159170,港股通互联网ETF永赢,3.67939388,110
159253,银行ETF博时,6.33851608,110
560150,红利低波ETF泰康,7.73625929,110
159520,消费龙头ETF工银,1.50663036,110
516210,银行ETF华安,1.22113844,110
510650,金融地产ETF华夏,0.28315823,110
516130,消费龙头ETF华宝,10.1413221,110
513800,日本东证指数ETF南方,17.50374141,110
159669,绿色电力ETF国泰,2.84582441,110
515290,银行ETF天弘,43.6101119,110
159859,生物医药ETF天弘,41.28055805,110
563890,国企红利ETF创金合信,0.281778,110
512820,银行ETF汇添富,6.67463695,110
512890,红利低波ETF华泰柏瑞,324.9874536,110
516930,生物科技ETF民生加银,0.51135658,110
563590,A500红利低波动ETF国寿,0.69570235,110
510030,价值ETF华宝,1.65658936,110
512730,银行ETF鹏华,1.16349569,110
516310,银行ETF易方达,20.82803167,110
563510,A500红利低波ETF易方达,2.89330731,110
512800,银行ETF华宝,103.6354203,110
159655,标普500ETF华夏,40.67478639,110
159708,红利ETF西部利得,1.50320834,110
159887,银行ETF富国,10.17124595,110
515100,红利低波100ETF景顺,60.84484234,110
515020,银行ETF华夏,6.5303581,110
159167,港股通医疗ETF工银,2.0254443,110
159933,金融地产ETF国投瑞银,1.02493062,110
516820,医疗创新ETF平安,17.88614535,110
562390,中药ETF银华,0.75538656,110
563180,高股息ETF银华,1.292946,110
159839,生物医药ETF汇添富,9.86332194,110
159137,港股通医疗ETF华宝,1.54550575,110
513620,港股医疗ETF银华,1.8419872,110
510230,金融ETF国泰,29.37552384,110
159502,标普生物科技ETF嘉实,16.98620605,110
159525,红利低波ETF富国,4.65385193,110
513850,美国50ETF易方达,21.20827802,110
517550,沪港深消费龙头ETF招商,0.58747232,110
561060,国企红利ETF华安,2.01273445,110
512700,银行ETF南方,9.88291679,110
515450,红利低波50ETF南方,184.35324244,110
589120,科创创新药ETF汇添富,4.8936112,110
513090,香港证券ETF易方达,200.37691665,110
520510,港股通医疗ETF华夏,1.7945376,110
562060,标普A股红利ETF华宝,37.34908945,110
159549,红利低波ETF天弘,56.10066703,110
159332,央企红利ETF富国,0.92870729,110
516500,生物科技ETF华夏,1.65849953,110
516560,养老ETF华宝,1.56524984,110
512640,金融地产ETF嘉实,0.54299616,110
159849,生物科技ETF招商,0.79174047,110
560570,A500红利ETF国联安,14.22266706,110
512070,证券保险ETF易方达,119.42197158,110
159307,红利低波100ETF博时,62.56048315,110
589720,科创创新药ETF国泰,15.39868973,110
159905,红利ETF工银,19.95849584,110
159938,医药ETF广发,44.00562387,110
517900,银行AH优选ETF招商,7.79552587,110
513630,港股低波红利ETF摩根,151.96137849,110
159263,价值ETF易方达,47.31385098,110
159940,金融地产ETF广发,5.19819282,110
561580,央企红利ETF华泰柏瑞,22.6174463,110
515300,300红利低波ETF嘉实,52.35301658,110
561680,A500红利低波ETF平安,0.6974562,110
513290,纳指生物科技ETF汇添富,14.38500981,110
159296,A500红利低波ETF华宝,0.45260211,110
159929,医药ETF汇添富,22.52862401,110
520850,港股通医疗ETF易方达,1.39492949,110
159245,港股通消费ETF富国,0.77897789,110
526050,港股通信息技术ETF招商,0.7807304,110
159837,生物科技ETF易方达,14.11268774,110
510160,产业升级ETF南方,1.79638062,110
562320,沪深300价值ETF银华,0.71331195,110
159515,国企红利ETF鹏扬,0.41834572,110
563980,800红利低波ETF鑫元,2.14479528,110
159151,食品ETF华夏,1.07415982,110
563700,红利价值ETF易方达,3.972144,110
530880,红利国企ETF银河,0.61486144,110
512750,基本面50ETF嘉实,0.69715311,110
560420,食品ETF前海开源,1.70168366,110
560700,央企红利ETF广发,4.48988054,110
510720,红利国企ETF国泰,26.15378766,110
513240,港股通信息技术ETF华安,1.09724904,110
510270,国企ETF中银,0.26534165,110
515080,中证红利ETF招商,109.17112966,110
159931,金融地产ETF汇添富,0.36887293,110
159916,基本面ETF建信,2.56615384,110
512530,沪深300红利ETF建信,1.68563136,110
513650,标普500ETF南方,76.0844928,110
520990,港股央企红利ETF景顺,45.75731938,110
517770,游戏传媒ETF浦银,1.64724105,110
510150,消费ETF招商,14.59625982,110
520900,港股通红利ETF广发,18.41105158,110
560160,食品ETF易方达,1.1350305,110
159612,标普500ETF国泰,8.81344238,110
159509,纳指科技ETF景顺,179.44438874,110
560320,食品ETF富国,1.8170042,110
561260,能源ETF工银,0.50767795,110
560070,央企红利ETF汇添富,1.55658065,110
159271,恒生ETF鹏华,0.60470941,110
520580,新兴亚洲ETF招商,2.64944548,110
560330,沪深300价值ETF申万菱信,0.2043609,110
159643,疫苗ETF国泰,1.42495859,110
515630,证券保险ETF鹏华,7.91947324,110
510010,180治理ETF交银,2.31785541,110
510090,责任ETF建信,0.6473329,110
159838,医药50ETF博时,1.54488449,110
159719,国企ETF平安,0.43513578,110
560130,食品ETF鹏华,0.70787656,110
513500,标普500ETF博时,253.95199716,110
159589,红利ETF广发,1.95578975,110
520890,港股通红利低波ETF华泰柏瑞,1.17212596,110
515180,红利ETF易方达,157.17313153,110
513950,恒生红利ETF富国,28.957489,110
515950,医药50ETF富国,5.15981325,110
517090,央企共赢ETF国泰,1.02883575,110
513980,港股科技ETF景顺,176.62019479,110
520660,港股通央企红利ETF南方,25.57282323,110
513530,港股通红利ETF华泰柏瑞,38.37417497,110
159635,基建ETF华夏,1.50930553,110
159581,红利ETF万家,14.61336803,110
562850,央企能源ETF嘉实,3.67264359,110
159302,港股高股息ETF银华,0.85539868,110
159692,证券ETF东财,13.23019451,110
159198,港股通信息技术ETF富国,0.89760364,110
513020,港股科技ETF国泰,40.25838227,110
159691,港股红利ETF工银,56.45683166,110
513150,港股通科技ETF华泰柏瑞,1.22792159,110
517180,中国国企ETF南方,1.35925443,110
560020,红利ETF汇添富,1.11616638,110
159645,疫苗ETF富国,0.37024118,110
515890,红利ETF博时,4.80261446,110
159841,证券ETF天弘,104.70880862,110
560030,800价值ETF汇添富,0.29946096,110
560090,证券ETF汇添富,27.77340794,110
512880,证券ETF国泰,545.42701206,110
510200,上证券商ETF汇安,1.75568676,110
563850,食品ETF广发,0.56757297,110
562870,证券ETF嘉实,4.08162545,110
520550,港股红利低波ETF招商,12.2174248,110
510880,红利ETF华泰柏瑞,206.10333922,110
159842,券商ETF银华,98.53838363,110
513920,港股通央企红利ETF华安,53.07142616,110
513750,港股通非银ETF广发,191.16839326,110
513860,港股通科技ETF海富通,31.32489374,110
159260,证券ETF博时,8.46326857,110
159750,港股科技50ETF招商,14.9815643,110
159131,港股通信息技术ETF华宝,13.49032856,110
159545,恒生红利低波ETF易方达,70.0936339,110
159945,能源ETF广发,1.26764509,110
516980,证券先锋ETF华富,0.52328096,110
515850,证券ETF富国,3.75943654,110
159336,央企红利ETF融通,4.58545441,110
159788,港股通100ETF易方达,1.36483908,110
516730,证券ETF浦银,0.92921048,110
159747,香港科技ETF南方,4.67979245,110
513820,港股通红利ETF汇添富,25.26967232,110
159657,疫苗ETF鹏华,0.97875506,110
159016,证券ETF广发,2.46822686,110
159127,港股通红利ETF南方,1.90051899,110
159569,港股红利低波ETF景顺,4.67042859,110
526000,港股通信息技术ETF华夏,0.91037712,110
159008,证券ETF景顺,1.89985003,110
159266,港股央企红利ETF永赢,4.18967344,110
520790,港股通互联网ETF兴业,3.03869482,110
159277,港股通红利ETF富国,0.67322985,110
513560,香港科技ETF兴银,7.64447094,110
561790,央企能源ETF博时,0.87991848,110
561960,央企回报ETF招商,0.69831204,110
159333,港股央企红利ETF万家,3.61615384,110
159118,港股通红利低波ETF华夏,0.79386188,110
516200,证券ETF华安,3.48020148,110
512000,券商ETF华宝,357.90339269,110
159930,能源ETF汇添富,11.88908234,110
513190,港股通金融ETF华夏,20.27552304,110
512900,证券ETF南方,68.46729944,110
520820,恒指港股通ETF汇添富,0.64246804,110
159751,港股通科技ETF鹏华,10.87755632,110
159993,证券ETF鹏华,36.29249346,110
159561,德国ETF嘉实,21.19058317,110
159185,港股通信息技术ETF鹏华,1.74257308,110
159848,证券ETF国联安,1.3234765,110
520810,港股通红利ETF易方达,2.8149336,110
560400,证券ETF华泰柏瑞,2.24829983,110
512200,房地产ETF南方,45.66159062,110
512570,证券ETF易方达,30.46328728,110
561320,交运ETF国泰,0.54328443,110
159281,港股央企红利ETF天弘,3.73062802,110
159188,红利100ETF景顺,0.70496427,110
515010,证券ETF华夏,17.82880118,110
159196,港股通信息技术ETF易方达,2.6464662,110
563900,300自由现金流ETF摩根,6.46051556,110
159331,红利港股ETF国泰,2.10526268,110
520610,港股红利低波ETF银华,2.90790377,110
516950,基建ETF银华,1.34221964,110
159318,恒指港股通ETF银华,0.28017336,110
513830,港股通高股息ETF嘉实,0.76401468,110
515060,房地产ETF华夏,6.60710762,110
515960,医药ETF嘉实,1.99164771,110
515090,可持续发展ETF博时,0.05466845,110
159143,港股通央企红利ETF平安,0.56384793,110
159662,交运ETF南方,0.72894604,110
513040,港股通互联网ETF易方达,67.46820566,110
520940,港股通恒生ETF华安,0.27187812,110
159027,畜牧养殖ETF大成,1.31070527,110
513910,港股通央企红利ETF华夏,38.03026836,110
159269,港股通科技ETF南方,19.67078671,110
159850,恒生国企ETF华夏,5.37504501,110
520860,港股通科技ETF富国,3.52832687,110
159312,恒指港股通ETF广发,0.51742493,110
515560,证券ETF建信,1.88143602,110
159220,港股通红利低波ETF华宝,3.01443282,110
520530,港股通科技ETF东财,2.27922048,110
159960,恒生中国企业ETF平安,1.41088144,110
159165,养殖ETF永赢,1.00600995,110
513990,港股通ETF招商,0.89586,110
159619,基建ETF国泰,0.8746833,110
562080,300现金流ETF华宝,4.69720493,110
513210,恒生ETF易方达,0.58374058,110
513660,恒生ETF华夏,39.0713631,110
512450,畜牧养殖ETF广发,0.98782529,110
159117,港股通红利低波ETF鹏华,0.68393188,110
513600,恒生指数ETF南方,20.04665329,110
520770,恒指港股通ETF建信,2.88020772,110
159568,港股互联网ETF博时,4.37566053,110
520840,港股通恒生科技ETF华安,11.38915598,110
516190,传媒ETF华夏,1.12889525,110
520910,港股通互联网ETF华夏,5.37899045,110
513320,港股通新经济ETF易方达,1.23407575,110
520670,港股通科技ETF嘉实,2.18181898,110
159201,自由现金流ETF华夏,174.21169233,110
562900,农业ETF易方达,1.47243641,110
159377,创业板医药ETF国泰,0.77164611,110
159172,养殖ETF汇添富,3.36447828,110
159617,中证500价值ETF华夏,0.38961602,110
520630,港股通互联网ETF广发,3.0580078,110
159135,港股通科技ETF前海开源,6.97132662,110
513030,德国ETF华安,18.35822027,110
588700,科创医药ETF嘉实,4.17814191,110
520950,港股通50ETF摩根,3.13638436,110
513690,港股红利ETF博时,46.66915131,110
515110,一带一路ETF易方达,3.847015,110
512390,中国低波ETF平安,0.23782186,110
159980,有色ETF大成,66.05649461,110
513080,法国ETF华安,10.92714588,110
516970,基建ETF广发,14.69599465,110
517100,沪港深500ETF富国,1.68712592,110
159138,工程机械ETF易方达,0.64964801,110
510900,恒生中国企业ETF易方达,38.66141758,110
588250,科创医药ETF鹏华,2.607353,110
159399,现金流ETF国泰,49.25669081,110
516600,消费服务ETF工银,0.7159926,110
520960,恒指港股通ETF嘉实,0.62223284,110
159712,港股通50ETF国泰,1.55684382,110
159792,港股通互联网ETF富国,486.46713709,110
159954,恒生中国企业ETF南方,2.24483046,110
159236,自由现金流ETF工银,0.72169536,110
563680,800现金流ETF汇添富,1.55685324,110
159510,沪深300价值ETF华夏,0.75921401,110
515990,一带一路ETF汇添富,0.88976966,110
512170,医疗ETF华宝,259.75472947,110
513400,道琼斯ETF鹏华,27.30684306,110
562860,疫苗ETF嘉实,2.12917645,110
159235,中证现金流ETF大成,32.94651965,110
513550,港股通50ETF华泰柏瑞,22.5662112,110
520650,港股通互联网ETF南方,13.9271693,110
563960,300质量ETF兴全,2.47790592,110
560210,农牧渔ETF景顺,5.11127166,110
515380,沪深300ETF泰康,36.76885602,110
159120,港股通科技ETF国联安,1.37208402,110
515150,一带一路ETF富国,6.46734965,110
562330,中证500价值ETF银华,0.12924381,110
159920,恒生ETF华夏,101.61027758,110
159666,交通运输ETF华夏,1.11385573,110
513900,港股通100ETF华安,1.31834352,110
563580,自由现金流800ETF万家,3.82877848,110
588860,科创医药ETF工银,2.52148788,110
512970,大湾区ETF平安,0.16699267,110
159202,恒生互联网ETF万家,10.97691618,110
563830,全指现金流ETF博时,1.8455364,110
159221,现金流ETF嘉实,19.8209609,110
512550,富时A50ETF嘉实,2.13516648,110
561870,现金流全指ETF华富,1.49649185,110
159173,农牧ETF南方,0.5208292,110
159179,港股通互联网ETF工银,0.83135526,110
563390,全指现金流ETF华泰柏瑞,31.74985908,110
563780,现金流全指ETF方正富邦,4.48953799,110
159262,港股通科技ETF广发,89.00145768,110
159225,现金流ETF银华,5.32569089,110
513770,港股互联网ETF华宝,84.61563282,110
159867,养殖ETF鹏华,9.13332198,110
159126,港股通50ETF南方,2.93523386,110
513380,恒生科技ETF广发,116.87650754,110
159015,恒生港股通科技ETF国联,1.80644934,110
159276,现金流ETF汇添富,4.94847884,110
159010,港股通科技ETF博时,3.35506492,110
159365,恒指港股通ETF富国,0.81094287,110
513330,恒生互联网ETF华夏,303.9820417,110
159827,农业ETF银华,0.7208914,110
159223,现金流ETF永赢,2.78525879,110
513260,恒生科技ETF汇添富,71.82240471,110
159621,ESGETF国泰,0.1372166,110
563760,全指现金流ETF中银,10.94638885,110
516720,ESGETF浦银,0.14780684,110
159109,恒生50ETF景顺,4.00599017,110
513130,恒生科技ETF华泰柏瑞,451.29281966,110
159232,自由现金流ETF南方,37.74149574,110
159152,港股通科技ETF平安,7.71989106,110
520560,香港大盘30ETF华宝,5.95663587,110
159740,恒生科技ETF大成,190.20565955,110
510020,超大盘ETF博时,1.41527904,110
159742,恒生科技ETF博时,46.96697954,110
516460,现金流ETF800鹏华,6.95438418,110
520590,恒生科技ETF鹏华,2.02878635,110
159275,农牧渔ETF华宝,2.11505958,110
159222,自由现金流ETF易方达,19.83428261,110
159007,养殖ETF华泰柏瑞,1.88444848,110
159711,港股通50ETF华夏,0.63974007,110
510060,央企ETF工银,0.96130879,110
563620,全指现金流ETF兴业,0.70173537,110
512620,农业ETF天弘,9.97340076,110
512030,中证A50增强ETF易方达,0.4912064,110
513140,港股通金融ETF华泰柏瑞,1.41125312,110
510800,上证50ETF建信,2.66673792,110
516550,农业ETF嘉实,1.77498566,110
513720,港股互联网ETF国泰,1.52582146,110
513890,恒生科技ETF摩根,9.27369856,110
159233,自由现金流ETF平安,5.67305201,110
563770,全指现金流ETF招商,0.33560303,110
159825,农业ETF富国,17.98944353,110
520920,恒生科技ETF天弘,152.24677931,110
516810,农业ETF华夏,3.96798214,110
159542,工程机械ETF大成,0.32061132,110
510050,上证50ETF华夏,238.59617043,110
561080,全指现金流ETF华安,0.437805,110
513160,港股科技ETF银华,43.10319028,110
510990,180ESGETF工银,0.42750338,110
510100,上证50ETF易方达,26.59814985,110
159136,A50ETF广发,1.25400504,110
520570,恒生科技ETF南方,28.9576766,110
516250,工程机械ETF富国,0.97787264,110
563060,央企50ETF易方达,2.39478862,110
513050,中概互联网ETF易方达,373.66214478,110
159593,中证A50ETF平安,28.236503,110
512150,富时A50ETF汇安,0.37898846,110
517030,沪港深300ETF易方达,1.0148899,110
159166,现金流ETF长城,6.32065585,110
516760,养殖ETF平安,1.60757191,110
530050,上证50ETF东财,1.43199958,110
159020,养殖ETF易方达,0.95803807,110
159229,自由现金流ETF广发,1.75425459,110
159741,恒生科技ETF嘉实,11.30244983,110
560370,红利质量ETF易方达,1.053756,110
159822,新经济ETF银华,2.05246607,110
513180,恒生科技ETF华夏,498.01970565,110
563990,800现金流ETF富国,6.28386574,110
520980,港股通科技ETF汇添富,42.77308691,110
561920,疫苗ETF招商,0.27579032,110
560250,红利质量ETF富国,3.33526348,110
510950,上证50ETF广发,0.88326163,110
513010,恒生科技ETF易方达,309.81472137,110
510850,上证50ETF工银,2.01023814,110
159596,A50ETF华宝,3.60333784,110
561030,N工程机械ETF华泰柏瑞,2.7516725,110
159910,基本面120ETF嘉实,2.34394613,110
517000,沪港深500ETF银华,1.52374583,110
560280,工程机械ETF广发,37.56574196,110
510710,上证50ETF博时,4.49307423,110
159591,A50ETF富国,5.35289688,110
159595,中证A50ETF大成,13.27889472,110
515810,中证800ETF易方达,5.67150749,110
520870,巴西ETF易方达,5.98504373,110
516830,沪深300ESGETF富国,0.92636529,110
563350,A50ETF华泰柏瑞,2.74852491,110
159847,医疗ETF易方达,14.70300859,110
517010,沪港深500ETF易方达,0.99867253,110
159828,医疗ETF国泰,21.77732229,110
159578,深证主板50ETF南方,0.24318578,110
159607,中概互联网ETF嘉实,10.45620404,110
159605,中概互联ETF广发,36.82198743,110
159805,传媒ETF鹏华,3.53579982,110
515460,红利质量ETF南方,2.8904218,110
530000,上证50ETF天弘,13.18630142,110
159883,医疗器械ETF永赢,44.6477737,110
510680,上证50ETF万家,0.6122065,110
588130,科创医药ETF华夏,0.80427004,110
516790,医疗ETF华泰柏瑞,0.9672117,110
510190,上证50ETF华安,1.13852218,110
562070,沪深300指增ETF华宝,4.7143265,110
159209,红利质量ETF招商,22.57317234,110
159965,央视50ETF国联,0.43073258,110
512040,价值100ETF富国,40.94539528,110
516670,畜牧养殖ETF招商,18.60641913,110
513580,恒生科技ETF华安,46.45328658,110
516750,建材ETF富国,0.95438753,110
159125,港股通科技ETF招商,7.49428974,110
561230,中证A50ETF工银,6.43301764,110
159101,港股通科技ETF华夏,28.15276707,110
159688,恒生互联网ETF华安,13.52877119,110
561930,沪深300ETF招商,1.79078123,110
159191,港股通科技ETF易方达,0.80253874,110
159329,沙特ETF南方,12.25743982,110
515970,工程机械ETF华夏,7.34846864,110
512980,传媒ETF广发,46.16067805,110
561990,沪深300增强ETF招商,3.67481309,110
517080,沪港深500ETF汇添富,2.00320656,110
159119,800现金流ETF招商,1.76454663,110
560050,中国A50ETF汇添富,26.81564822,110
562530,中证1000价值ETF华夏,0.48671744,110
561750,A50ETF博时,0.8783512,110
159592,A50ETF银华,9.66480166,110
563080,中证A50ETF易方达,15.8828847,110
563090,上证50增强ETF易方达,0.62916864,110
510360,沪深300ETF广发,27.8321475,110
510130,上证中盘ETF易方达,2.4680519,110
510310,沪深300ETF易方达,1055.72388499,110
513810,港股国企ETF华夏,0.6244612,110
516610,医疗设备ETF大成,0.9943866,110
517170,沪港深500ETF华夏,0.16599622,110
515130,沪深300ETF博时,1.14150384,110
560820,中证A50ETF新华,0.51321204,110
159791,300ESGETF华夏,0.33823933,110
515730,家居家电ETF永赢,0.36580964,110
159321,黄金股ETF华安,5.90093381,110
159687,亚太精选ETF南方,23.12382301,110
560350,中证A50ETF摩根,13.31026412,110
512380,MSCI中国ETF银华,1.28414686,110
517300,沪港深300ETF国寿,15.01788592,110
516620,影视ETF国泰,1.62228683,110
530180,上证180ETF易方达,0.85061632,110
560120,中证500现金流ETF华夏,9.47635461,110
159891,医疗ETF建信,1.26058032,110
561900,沪深300ESGETF招商,0.27282438,110
159873,医疗设备ETF天弘,2.8930016,110
159898,医疗器械ETF招商,4.88181305,110
560000,智能电车ETF浦银,0.06594503,110
510320,沪深300ETF中金,7.64615757,110
510180,上证180ETF华安,200.97226746,110
159602,中国A50ETF南方,4.62681898,110
159636,港股通科技30ETF工银,264.63508168,110
159717,ESGETF鹏华,0.19874979,110
560260,医疗ETF广发,14.5568211,110
159698,粮食ETF鹏华,9.78957721,110
159865,养殖ETF国泰,61.10999855,110
513220,中概互联ETF招商,5.7501636,110
513170,恒生央企ETF鹏华,3.37202957,110
512180,MSCIA股ETF建信,0.85861776,110
159005,快钱ETF汇添富,1.16200162,110
159003,招商快线ETF,1.957719,110
159001,货币ETF易方达,17.74107041,110
510600,上证50ETF申万菱信,0.45275463,110
159315,黄金股ETF工银,3.09738733,110
515160,MSCI中国ETF招商,4.26559984,110
159519,港股国企ETF国泰,1.27575086,110
562890,A50ETF嘉实,3.01960624,110
515310,沪深300ETF汇添富,3.47625186,110
517400,黄金股ETF国泰,12.92627456,110
562810,上证指数增强ETF嘉实,0.47934435,110
530580,上证180ETF南方,0.73439949,110
530080,上证180ETF天弘,0.45740163,110
512250,A50ETF招商,1.98172729,110
159300,沪深300ETF富国,8.09203758,110
563520,沪深300ETF永赢,4.99904845,110
530800,上证180ETF银华,0.17567627,110
159913,深价值ETF交银,0.55827453,110
516910,物流ETF富国,0.75307697,110
159100,巴西ETF华夏,5.12274388,110
530060,上证指数ETF易方达,1.76109123,110
520830,沙特ETF华泰柏瑞,11.26718821,110
562600,医疗器械ETF华夏,4.05367551,110
159855,影视ETF银华,1.35112923,110
159797,医疗器械ETF汇添富,2.67945398,110
515390,沪深300ETF华安,10.83399335,110
515910,质量ETF中金,1.88752631,110
515330,沪深300ETF天弘,77.8535791,110
159238,沪深300增强ETF景顺,0.46364062,110
159562,黄金股ETF华夏,51.78402072,110
159390,中证A50ETF国联,1.77985489,110
517520,黄金股ETF永赢,109.93948439,110
530680,上证180ETF兴业,1.4313601,110
159601,A50ETF华夏,16.29355113,110
510300,沪深300ETF华泰柏瑞,1376.90834679,110
159925,沪深300ETF南方,25.54484365,110
159877,医疗ETF南方,1.12868253,110
563930,上证增强ETF招商,0.32634536,110
159177,工程机械ETF鹏华,0.44699106,110
516530,物流ETF银华,0.17820102,110
159919,沪深300ETF嘉实,635.69656032,110
515360,沪深300ETF方正富邦,2.58153907,110
510330,沪深300ETF华夏,729.06063842,110
159673,沪深300ETF鹏华,18.3939979,110
515760,浙江国资ETF华夏,1.30407816,110
159975,深100ETF招商,0.48510972,110
560180,沪深300ESGETF南方,0.16300132,110
530300,上证180ETF华泰柏瑞,0.46790249,110
159393,沪深300ETF万家,2.17379588,110
512240,A50ETF鹏华,0.2070913,110
563000,中国A50ETF易方达,20.25854938,110
159128,港股科技ETF天弘,19.26782071,110
563280,A50增强ETF富国,0.09925768,110
159380,A500ETF东财,1.75398245,110
512990,MSCIA股ETF华夏,2.17980586,110
561300,沪深300增强ETF国泰,3.21592734,110
561880,A100ETF华富,1.15781708,110
159656,沪深300成长ETF万家,3.48794755,110
526070,N恒指港股通ETF博时,2.30904837,110
159237,港股汽车ETF工银,0.45832902,110
563630,A500增强ETF国联安,0.48169114,110
510350,沪深300ETF工银,35.25601579,110
159038,粮食ETF易方达,1.95022134,110
159528,国企改革ETF富国,0.14230212,110
159330,沪深300ETF东财,4.62982726,110
159587,粮食ETF广发,1.74203119,110
159985,豆粕ETF华夏,30.79617881,110
515600,央企创新ETF广发,18.1863868,110
515770,MSCI中国A股ETF摩根,0.63236404,110
159030,粮食ETF华夏,3.15998218,110
159959,央企ETF银华,30.96841344,110
159793,线上消费ETF平安,0.32880617,110
510390,沪深300ETF平安,6.137612,110
560650,核心50ETF民生加银,0.08758635,110
159686,A100ETF易方达,0.99946033,110
510370,沪深300ETF兴业,0.88490071,110
159251,港股通科技ETF万家,2.20472742,110
512430,家居家电ETF华泰柏瑞,0.3655068,110
530280,上证180ETF平安,0.42250518,110
517360,沪港深科技ETF华安,0.25200684,110
562310,沪深300成长ETF银华,6.31388451,110
515660,沪深300ETF国联安,28.37438733,110
159787,建材ETF易方达,0.85006364,110
159322,黄金股ETF平安,1.96835182,110
562000,A100ETF华宝,4.01706472,110
512520,MSCI中国ETF华泰柏瑞,0.6413601,110
159923,中证A100ETF大成,0.19140226,110
159653,ESG300ETF国联安,0.70524806,110
510810,上海国企ETF汇添富,51.77192795,110
510380,沪深300ETF国寿,16.81422282,110
512360,MSCIA股ETF平安,0.56913525,110
159745,建材ETF国泰,10.28916405,110
510670,上证180ETF华夏,2.56514972,110
512650,长三角ETF汇添富,0.42792233,110
512130,全指现金流ETF鹏华,0.1796337,110
159210,港股通汽车ETF汇添富,0.41358408,110
515680,央企创新ETF嘉实,19.32002703,110
520680,港股通汽车ETF南方,0.71977395,110
159576,深证100ETF广发,0.59943196,110
510760,上证指数ETF国泰,22.6446993,110
515350,沪深300ETF民生加银,0.70896748,110
159361,A500ETF易方达,243.64487557,110
563600,A500增强ETF易方达,0.51168375,110
561770,A100ETF博时,0.497913,110
515210,钢铁ETF国泰,15.70040581,110
516840,汽车ETF南方,1.361493,110
510980,上证指数ETF汇添富,5.03044332,110
159716,深证100ETF华宝,0.71795081,110
560390,电网设备ETF易方达,16.11161352,110
512080,A500ETF中金,6.47519929,110
561180,A100ETF富国,0.69701488,110
520720,港股汽车ETF国泰,1.47486366,110
159976,湾创ETF工银,1.00796384,110
510040,上证180ETF鹏华,0.4567576,110
159800,中证800ETF鹏华,0.40078466,110
512190,浙商之江凤凰ETF,4.3582343,110
159631,A100ETF招商,0.5239103,110
159212,深100ETF南方,1.26383549,110
159203,大盘成长ETF博时,0.0706328,110
159723,科技龙头ETF汇添富,0.42357258,110
562580,可选消费ETF华夏,0.38107125,110
512090,MSCIA股ETF易方达,6.03887662,110
520780,港股通汽车ETF华宝,0.350016,110
159616,农牧ETF建信,0.57177328,110
515900,央企创新ETF博时,38.65904531,110
512950,央企改革ETF华夏,63.63180389,110
561200,中证A100ETF工银,0.48810746,110
512910,A100ETF广发,1.8879529,110
512960,央企结构调整ETF博时,59.01767375,110
510410,资源ETF博时,9.0506034,110
159973,民企ETF弘毅远方,4.29749333,110
159730,家电ETF博时,0.46403477,110
159856,互联网龙头ETF工银,2.12868116,110
517200,互联网ETF嘉实,0.8638311,110
159706,深证100ETF华安,0.47247659,110
520600,港股通汽车ETF广发,5.41790976,110
159226,中证A500增强ETF国泰,0.76335801,110
159721,深证100ETF永赢,0.77601991,110
159326,电网设备ETF华夏,296.89266872,110
159729,互联网ETF汇添富,0.49089413,110
159974,央企创新ETF富国,0.75770359,110
512060,A100ETF天弘,0.13900416,110
159249,A500增强ETF工银,1.29723157,110
159725,线上消费ETF工银,1.38129812,110
159512,汽车ETF广发,0.53518626,110
159362,A500ETF工银,19.76355485,110
561380,电网设备ETF国泰,72.99389297,110
159323,港股通汽车ETF华夏,1.23338801,110
159356,A500ETF万家,9.52934674,110
517050,互联网ETF华泰柏瑞,2.4080501,110
563220,A500ETF富国,77.8509739,110
159350,深证50ETF富国,1.69948719,110
560380,A100ETF南方,1.92809991,110
159970,深100ETF工银,0.10055697,110
159517,中证800增强ETF银华,0.123271,110
560510,中证A500ETF泰康,31.07985077,110
510210,上证指数ETF富国,68.00581329,110
159529,标普消费ETF景顺,11.15051541,110
159627,A100ETF华夏,0.20966968,110
159386,A500ETF永赢,0.83086948,110
159357,A500ETF博时,16.1646769,110
563880,A500ETF汇添富,13.76380194,110
563550,A500增强ETF摩根,1.01746911,110
561130,国货ETF富国,1.23505757,110
512160,MSCI中国A股ETF南方,1.9265248,110
159353,中证A500ETF景顺,38.2571013,110
563800,A500ETF广发,95.30133743,110
159339,A500ETF银华,22.6776925,110
159379,A500ETF融通,1.23633775,110
515550,中证500ETF国联,0.3071357,110
561190,碳中和ETF富国,2.25687624,110
159320,电网设备ETF广发,11.35897254,110
159360,A500ETF天弘,16.51367387,110
159661,A100ETF嘉实,0.36215487,110
512020,A500ETF鹏华,13.28553328,110
159197,石油ETF招商,0.45551014,110
159359,A500ETF华安,9.41915285,110
159936,可选消费ETF广发,2.18150842,110
159630,A100ETF汇添富,0.13224043,110
561000,沪深300增强ETF华安,0.6684288,110
159216,深证100ETF大成,0.18218564,110
512050,A500ETF华夏,187.07247018,110
561500,漂亮50ETF华泰柏瑞,0.50944459,110
159351,A500ETF嘉实,74.85147122,110
159358,中证A500ETF大成,9.37792386,110
560550,碳中和ETF广发,1.39493244,110
159182,家电ETF南方,0.31218722,110
159215,A500ETF平安,12.92360767,110
159981,能源化工ETF建信,33.70561082,110
159996,家电ETF国泰,8.69277962,110
560060,碳中和ETF汇添富,0.7799225,110
159518,标普油气ETF嘉实,22.58811866,110
520730,港股通汽车ETF万家,1.73020538,110
159338,中证A500ETF国泰,241.0524222,110
560530,中证A500ETF摩根,29.635013,110
159641,碳中和ETF招商,1.03278482,110
159901,深证100ETF易方达,40.01635319,110
159961,深100ETF方正富邦,2.67040899,110
159148,石油ETF富国,2.39072069,110
563860,中证A500ETF海富通,2.45667314,110
563360,A500ETF华泰柏瑞,313.90110665,110
560610,A500ETF招商,52.24767314,110
563500,A500ETF华宝,4.08880043,110
563010,电信ETF易方达,2.14063555,110
563650,中证A500ETF兴业,1.50947149,110
159588,石油ETF景顺,7.6912351,110
515800,中证800ETF汇添富,42.51963283,110
563660,A500ETF银河,0.88421998,110
159523,沪深300成长ETF华夏,0.88468073,110
560300,电信ETF汇添富,0.60867544,110
159150,深证50ETF易方达,1.519578,110
159239,港股通汽车ETF富国,0.86800766,110
560490,工业有色ETF华泰柏瑞,1.78482,110
561570,油气ETF华泰柏瑞,1.19351038,110
515640,家电ETF华夏,0.182903,110
159352,A500ETF南方,296.75398883,110
561360,石油ETF国泰,22.27094084,110
159211,深证100ETF富国,0.2839937,110
159639,碳中和ETF南方,2.2713113,110
159376,A500ETF浦银,0.94092778,110
159642,碳中和ETF大成,0.254664,110
159640,碳中和龙头ETF工银,0.65233316,110
512940,有色ETF华安,17.27471422,110
159176,家电ETF华宝,0.24813711,110
159219,深证100ETF融通,0.21984892,110
563330,A股ETF华泰柏瑞,1.38115094,110
159026,石油ETF南方,0.55974938,110
560690,电信ETF鹏华,0.42662928,110
560750,A500ETF申万菱信,0.94175042,110
159168,有色ETF富国,2.50758286,110
159697,石油ETF鹏华,17.60949128,110
561120,家电ETF富国,0.3861719,110
159028,港股汽车ETF天弘,1.44083216,110
560880,家电ETF广发,3.44237368,110
517350,沪港深科技ETF广发,0.65835244,110
159511,通信ETF南方,3.07469892,110
516650,有色金属ETF华夏,109.29912364,110
560810,央企ESGETF融通,2.6453174,110
561330,矿业ETF国泰,19.59551309,110
159121,港股通汽车ETF易方达,0.95676656,110
159309,油气ETF汇添富,8.73695237,110
159690,有色矿业ETF招商,6.94124772,110
159767,电池龙头ETF兴银,2.33563778,110
562990,碳中和ETF易方达,4.21204652,110
512400,有色金属ETF南方,259.97026714,110
159240,A500增强ETF天弘,0.19868276,110
159731,石化ETF华夏,8.2026773,110
563150,油气ETF银华,0.65552473,110
517330,长江保护ETF易方达,18.43312388,110
517160,长江保护ETF南方,18.36554834,110
512370,A500增强ETF华夏,4.86235,110
159186,港股通汽车ETF鹏华,1.00226897,110
159163,有色ETF泰康,1.84165277,110
159192,家电ETF汇添富,0.30677194,110
159728,在线消费ETF南方,0.3311252,110
516010,游戏ETF国泰,23.73287178,110
560290,有色ETF景顺,2.13864042,110
159652,有色ETF汇添富,33.22243326,110
159017,石油ETF工银,1.64557754,110
159018,石油ETF广发,0.31693016,110
516770,游戏ETF华泰柏瑞,3.55568072,110
510170,大宗商品ETF国联安,5.7528072,110
159195,石油ETF华安,0.92651108,110
159199,石油ETF平安,0.92426824,110
159550,互联网ETF东财,1.49099604,110
159189,石油ETF华夏,1.25317371,110
159181,石油ETF易方达,1.48737884,110
561760,油气ETF博时,2.81451105,110
159869,游戏ETF华夏,81.68193608,110
159029,有色ETF广发,3.03122177,110
517950,沪深港科技50ETF交银,0.87728826,110
562300,碳中和ETF银华,0.50183485,110
159328,家电ETF易方达,1.27088772,110
159019,石油ETF华宝,0.59760444,110
513310,中韩半导体ETF华泰柏瑞,133.65618081,110
516570,化工行业ETF易方达,13.32316521,110
159623,成渝经济圈ETF博时,32.04253922,110
561090,A500增强ETF华安,2.46044148,110
159171,工业有色ETF博时,2.0589673,110
560870,工业有色ETF中银,1.77484639,110
159943,深证成指ETF大成,1.93736397,110
159533,中证2000ETF博时,0.22339965,110
159755,电池ETF广发,132.23578075,110
159157,有色金属ETF天弘,75.16346212,110
159757,电池ETF景顺,2.34436114,110
159610,中证500增强ETF景顺,1.78976237,110
516070,低碳ETF易方达,2.0443928,110
516110,汽车ETF国泰,2.94938152,110
159720,智能车ETF泰康,0.39810938,110
560470,有色ETF易方达,2.2162884,110
159871,有色ETF银华,12.93841954,110
159367,创业板50ETF华夏,1.87184222,110
560100,中证500增强ETF南方,0.81196259,110
159298,创业板50ETF大成,2.04529818,110
159840,锂电池ETF工银,18.68440237,110
159335,央企科创ETF融通,0.9771986,110
159243,创业板人工智能ETF招商,2.05391402,110
159876,有色ETF华宝,15.13613456,110
530380,上证380ETF易方达,1.9741665,110
159912,深300ETF汇添富,1.24788596,110
159903,深成ETF南方,5.25484955,110
159881,有色金属ETF国泰,1.65425209,110
159678,500增强ETF博时,1.23507054,110
159156,电池ETF万家,2.63680544,110
159775,电池ETF建信,2.40821321,110
560860,工业有色ETF万家,93.08580054,110
159369,创业板50ETF易方达,4.10237127,110
159991,创业板大盘ETF招商,0.97466456,110
159814,创业大盘ETF西部利得,4.24557768,110
560560,碳中和ETF泰康,0.5615208,110
159372,创业板50ETF万家,1.37206139,110
562340,中证500成长ETF银华,0.11499752,110
159259,成长ETF易方达,27.38894566,110
515860,科技ETF嘉实,2.29952237,110
159373,创业板50ETF嘉实,2.96295197,110
159606,中证500成长ETF易方达,3.87640584,110
159375,创业板50ETF国泰,2.29785344,110
562010,绿色能源ETF华宝,0.25343544,110
515190,中证500ETF中银证券,5.39295532,110
560590,中证1000增强ETF鹏华,0.265689,110
515880,通信ETF国泰,326.57625546,110
159032,工业有色ETF易方达,2.59696182,110
159162,工业有色ETF鹏华,4.17742962,110
563030,中证500增强ETF易方达,1.64907118,110
159695,通信ETF嘉实,6.8797383,110
159507,通信ETF广发,4.70360071,110
159902,中小100ETF华夏,3.76453384,110
159958,创业板ETF工银,5.42362093,110
516590,智能汽车ETF易方达,0.68815845,110
512260,中证500低波动ETF华安,0.41807385,110
510290,上证380ETF南方,1.52637826,110
159811,5GETF博时,2.34212808,110
560500,500质量成长ETF鹏扬,3.83134034,110
159790,碳中和ETF华夏,13.89028638,110
159908,创业板ETF博时,10.85758733,110
159949,创业板50ETF华安,246.79977949,110
159758,红利质量ETF华夏,12.25678011,110
159205,创业板ETF东财,5.96693119,110
159944,材料ETF广发,0.6349433,110
561590,中证1000增强ETF华泰柏瑞,1.03359354,110
159370,创50ETF工银,2.51158268,110
159977,创业板ETF天弘,62.52059896,110
516960,机械ETF国泰,0.14753655,110
516380,智能电动车ETF华宝,0.85521765,110
159885,碳中和ETF鹏华,2.11197219,110
159383,创业板50ETF华泰柏瑞,0.63490856,110
159291,创业板综增强ETF招商,0.28495411,110
159948,创业板ETF南方,45.08999124,110
159371,创业板50ETF富国,3.46535614,110
159682,创业板50ETF景顺,42.50337638,110
159279,创业板人工智能ETF华安,2.13553442,110
159952,创业板ETF广发,85.29296708,110
159810,创业板ETF浦银,0.78966521,110
159870,化工ETF鹏华,186.37935292,110
159915,创业板ETF易方达,426.19139018,110
588320,双创50增强ETF广发,0.73691202,110
159242,创业板人工智能ETF大成,7.91869897,110
159821,创业板ETF中银证券,0.8648004,110
159677,中证1000增强ETF银华,0.46859711,110
159287,创业板综ETF博时,1.35022435,110
159681,创业板50ETF鹏华,14.21687291,110
159886,机械ETF富国,0.7224053,110
159906,深成长ETF大成,2.98232245,110
159676,创业板增强ETF富国,1.72173938,110
510530,中证500ETF工银,4.19411027,110
159880,有色ETF鹏华,13.61431664,110
159861,碳中和50ETF国泰,1.25790214,110
516660,新能源车ETF华安,1.9359991,110
516320,高端装备ETF华夏,0.84095051,110
159133,化工ETF天弘,21.72078265,110
159971,创业板ETF富国,18.95196566,110
516220,化工ETF国泰,3.2504885,110
159363,创业板人工智能ETF华宝,75.36131167,110
159129,化工ETF嘉实,14.67940053,110
159994,通信ETF银华,34.14195943,110
159381,创业板人工智能ETF华夏,23.51164814,110
159388,创业板人工智能ETF国泰,10.46374489,110
516120,化工ETF富国,51.83831884,110
159957,创业板ETF华夏,19.19225145,110
159637,新能源车ETF东财,6.38035053,110
159968,中证500ETF博时,6.43632547,110
159382,创业板人工智能ETF南方,24.6781486,110
512500,中证500ETF华夏,73.53857166,110
561780,1000增强ETF博时,0.25490628,110
516020,化工ETF华宝,36.28089149,110
159956,创业板ETF建信,1.15460256,110
159781,科创创业ETF易方达,146.11818624,110
517390,云计算ETF天弘,3.08674074,110
159273,云计算ETF汇添富,12.08481598,110
159246,创业板人工智能ETF富国,37.44167326,110
159500,中证500ETF富国,1.66514559,110
510580,中证500ETF易方达,41.01007703,110
560220,中证2000ETF广发,0.76388256,110
159738,云计算ETF华泰柏瑞,3.06514498,110
560950,中证500增强ETF汇添富,0.16409207,110
159966,创业板价值ETF华夏,3.72374097,110
159247,创业板ETF汇添富,2.25971734,110
159675,创业板增强ETF嘉实,0.86843207,110
512580,环保ETF广发,8.65277522,110
510510,中证500ETF广发,22.28717233,110
512510,中证500ETF华泰柏瑞,10.26898117,110
515590,500等权ETF前海开源,0.722274,110
513350,标普油气ETF富国,10.30117168,110
515030,新能源车ETF华夏,46.85229648,110
515050,通信ETF华夏,153.91857016,110
515200,创新100ETF申万菱信,1.12911094,110
561950,中证500增强ETF招商,1.26201888,110
561550,中证500增强ETF华泰柏瑞,14.3810966,110
510500,中证500ETF南方,365.76500368,110
561280,中证1000增强ETF工银,1.32657627,110
159806,新能源车ETF国泰,7.58461471,110
159597,创业板成长ETF易方达,6.32494556,110
516580,新能源ETF博时,1.05066469,110
159964,创业板ETF平安,4.92702383,110
563560,科技成长ETF兴业,0.83940624,110
562910,高端制造ETF易方达,1.83172026,110
516390,新能源车ETF汇添富,1.94863289,110
560010,中证1000ETF广发,28.25922663,110
560110,中证1000ETF汇添富,1.90183182,110
516300,中证1000ETF华泰柏瑞,0.73333974,110
561350,中证500ETF国泰,0.972103,110
515530,中证500ETF泰康,0.55594101,110
159820,中证500ETF天弘,18.81147695,110
159106,民企300ETF前海开源,0.49271693,110
510550,中证500ETF方正富邦,0.50620716,110
516850,新能源ETF华夏,1.52689602,110
159836,创业板300ETF天弘,1.46029773,110
159824,新能源车ETF博时,1.14575591,110
510590,中证500ETF平安,13.22120151,110
159967,创业板成长ETF华夏,58.30765352,110
159620,中证500成长ETF华夏,0.30924536,110
563200,中证2000ETF富国,0.45663984,110
159337,中证500ETF东财,4.56107923,110
159922,中证500ETF嘉实,74.09046203,110
563750,中证500ETF汇添富,4.1189427,110
159935,中证500ETF景顺,0.61525415,110
512100,中证1000ETF南方,99.56905141,110
159808,创100ETF融通,0.79904394,110
510560,中证500ETF国寿,1.27628698,110
515700,新能源车ETF平安,17.04344582,110
159552,中证2000增强ETF招商,9.25083623,110
159633,中证1000ETF易方达,18.59320079,110
517660,物联网ETF天弘,0.62016812,110
159982,中证500ETF鹏华,3.00482024,110
159289,创业板综指ETF鹏华,0.41971468,110
516860,金融科技ETF博时,13.8313791,110
159563,创业板综ETF华夏,0.43875028,110
159583,通信ETF富国,22.8372391,110
516160,新能源ETF南方,66.34977114,110
159541,创业板综ETF万家,1.15516994,110
159183,新能源车ETF招商,0.5771408,110
159527,云计算ETF广发,3.22785008,110
515000,科技ETF华宝,32.07084063,110
159845,中证1000ETF华夏,41.87787811,110
159532,中证2000ETF易方达,2.09382893,110
159292,创业板综增强ETF华宝,0.44719907,110
512870,杭州湾区ETF南华,0.35560701,110
159556,中证2000增强ETF平安,0.20222916,110
563570,金融科技ETF兴业,0.8774733,110
159629,中证1000ETF富国,11.43494474,110
159890,云计算ETF招商,4.63920829,110
516090,新能源ETF易方达,12.14257862,110
515580,科技100ETF华泰柏瑞,4.73808819,110
515750,科技50ETF富国,6.18305653,110
510770,G60创新ETF申万菱信,0.17675353,110
562800,稀有金属ETF嘉实,59.64753801,110
516630,云计算ETF华夏,9.43757568,110
512770,战略新兴ETF华夏,2.89929711,110
159875,新能源ETF嘉实,15.44722229,110
560990,科技先锋ETF中金,0.19780636,110
159680,中证1000增强ETF招商,12.9380945,110
159628,国证2000ETF万家,3.25896892,110
516510,云计算ETF易方达,26.3616963,110
159288,创业板综ETF银华,1.27879421,110
562030,信创ETF华宝,0.79880619,110
159531,中证2000ETF南方,8.41585628,110
561800,稀有金属ETF华富,2.47250931,110
515920,智能消费ETF博时,0.88181827,110
588660,科创创业50ETF兴银,0.72089728,110
530100,上证580ETF易方达,1.73337472,110
562570,信创ETF华夏,5.12518991,110
159608,稀有金属ETF广发,44.55118608,110
159685,1000增强ETF天弘,0.23947544,110
516100,金融科技ETF华夏,11.32670301,110
516050,科技龙头ETF工银,2.50965124,110
159679,中证1000增强ETF国泰,0.70545426,110
516000,大数据ETF华夏,3.40557848,110
159739,云计算ETF鹏华,4.05894711,110
563670,金融科技ETF鹏华,1.38847549,110
159155,电池ETF大成,5.18833386,110
510570,中证500ETF兴业,0.59547704,110
159299,金融科技ETF易方达,1.95843263,110
159103,金融科技ETF汇添富,2.17239246,110
516270,新能源ETF华安,2.44201029,110
515720,金融科技ETF富国,3.10045812,110
159160,电池ETF东财,1.51888421,110
159536,中证2000ETF汇添富,0.59442046,110
561050,稀有金属ETF易方达,3.26458,110
159290,创业板综指增强ETF东财,0.65176037,110
159012,科创创业50ETF鹏华,1.24478423,110
159603,科创创业ETF天弘,42.47891696,110
159752,新能源ETF申万菱信,4.05758362,110
512220,TMTETF景顺,7.520846,110
159851,金融科技ETF华宝,70.46245478,110
588350,科创创业50ETF鹏扬,13.33079276,110
563300,中证2000ETF华泰柏瑞,41.23985418,110
159783,科创创业50ETF华夏,55.79616338,110
159852,软件ETF嘉实,82.23230608,110
517800,人工智能50ETF方正富邦,3.10432808,110
588390,科创创业ETF博时,2.1411026,110
159899,软件ETF招商,6.30129695,110
516700,大数据ETF华宝,1.15315608,110
588300,科创创业50ETF招商,17.67837118,110
515400,大数据ETF富国,13.64940895,110
159780,科创创业50ETF南方,33.97674469,110
515230,软件ETF国泰,48.17289954,110
159782,双创50ETF银华,6.5326107,110
561370,中证2000ETF国泰,0.340929,110
588330,双创50ETF华宝,11.54194791,110
159590,软件ETF汇添富,5.624402,110
159907,国证2000ETF广发,1.92277348,110
588400,科创创业ETF嘉实,15.74899992,110
159175,电池ETF易方达,2.56789587,110
159147,电池ETF南方,25.91097773,110
588310,科创创业ETF方正富邦,0.4585605,110
560910,电池ETF华泰柏瑞,1.80399881,110
512460,电池ETF华夏,1.69682486,110
562660,中证2000ETF华夏,4.83811056,110
512720,计算机ETF国泰,4.99130065,110
562930,软件ETF易方达,9.08240244,110
560360,软件ETF万家,2.7033292,110
530530,上证580ETF华夏,2.0014782,110
560850,信创ETF汇添富,1.16398128,110
159909,TMT50ETF招商,7.26634272,110
562880,电池ETF嘉实,9.5892962,110
560660,云计算50ETF新华,1.69860328,110
159671,稀有金属ETF工银,14.02789685,110
588480,科创创业人工智能ETF中金,2.8357082,110
159773,创业板科技ETF华泰柏瑞,2.08371614,110
159149,创业板新能源ETF工银,0.67359251,110
159777,创科技ETF国联安,0.42846999,110
159796,电池ETF汇添富,79.95006792,110
159743,湖北ETF博时,1.66135178,110
159778,工业互联网ETF鹏华,0.50963327,110
588360,科创创业ETF国泰,2.99301484,110
516710,新材料ETF华夏,0.51000768,110
561160,电池ETF富国,25.80112892,110
588380,科创创业ETF富国,28.9138255,110
159190,创业板新能源ETF天弘,0.7812312,110
560410,电池ETF鹏华,0.72195774,110
159505,国证2000ETF博时,0.24471804,110
561010,软件ETF华安,2.32425828,110
159807,科技ETF易方达,8.64311447,110
512930,AI人工智能ETF平安,30.17469372,110
588470,科创创业人工智能ETF华安,5.36583426,110
159555,中证2000增强ETF银华,0.67470332,110
159295,创业综指ETF西部利得,0.90760049,110
515980,人工智能ETF华富,70.63240854,110
560710,船舶ETF富国,13.3598346,110
516360,新材料ETF华宝,0.64745775,110
159261,创业板新能源ETF鹏华,1.06530344,110
515070,人工智能ETF华夏,100.30793699,110
159819,人工智能ETF易方达,240.6712379,110
515320,电子50ETF华安,1.30729519,110
159035,软件ETF天弘,2.74356176,110
561910,电池ETF招商,44.70382845,110
563050,央企科技ETF易方达,1.74790926,110
560790,软件ETF鹏华,2.68543784,110
159013,工业互联网ETF大成,0.78307296,110
159535,中证2000ETF嘉实,0.26252762,110
159187,创业板新能源ETF景顺,0.6559213,110
159009,创业板新能源ETF易方达,0.57354257,110
159293,创业板综增强ETF建信,0.33999857,110
562520,中证1000成长ETF华夏,0.53243008,110
159565,汽车零部件ETF易方达,2.16548036,110
159248,人工智能ETF万家,2.40745565,110
560170,央企科技ETF南方,3.48064601,110
159521,国证2000ETF平安,0.20788506,110
159586,计算机ETF南方,2.79965863,110
159368,创业板新能源ETF华夏,10.80628018,110
159703,新材料ETF天弘,0.60645012,110
588110,科创成长ETF广发,3.98076408,110
159122,创业板新能源ETF富国,0.85758627,110
159709,物联网ETF工银,0.42067676,110
159889,智能汽车ETF国泰,0.33437621,110
516890,新材料ETF平安,0.30050001,110
159526,机器人ETF嘉实,10.65724032,110
159763,新材料ETF建信,0.74497659,110
159257,航空ETF汇添富,1.50567366,110
159306,汽车零部件ETF平安,0.30163699,110
159872,智能网联汽车ETF鹏华,0.57928247,110
561310,消电ETF国泰,0.55996307,110
159998,计算机ETF天弘,17.37443735,110
159896,物联网ETF南方,0.51884526,110
159140,科创创业人工智能ETF易方达,5.17949101,110
588020,科创成长ETF易方达,12.43841153,110
159573,创业板200ETF华夏,1.35448231,110
589600,科创综指ETF富国,3.8860224,110
159553,中证2000增强ETF海富通,0.52758809,110
159571,创业板200ETF富国,0.28393284,110
588410,科创创业人工智能ETF鹏华,1.441925,110
562380,央企科技ETF银华,0.96869113,110
159305,储能电池ETF广发,11.83429837,110
159022,科创创业人工智能ETF富国,1.48168195,110
159613,信息安全ETF嘉实,0.69316229,110
589700,科创成长ETF南方,0.28011189,110
588680,科创100增强ETF广发,0.89286525,110
159804,创中盘88ETF国寿,0.4132254,110
588690,科创增强ETF银华,0.67591524,110
515260,电子ETF华宝,8.38364317,110
159551,机器人ETF国泰,3.88485338,110
560770,机器人ETF招商,17.47226841,110
159997,电子ETF天弘,15.63832686,110
562920,信息安全ETF易方达,0.84631068,110
589150,科创50ETF平安,0.81707114,110
588070,科创成长ETF万家,0.62179824,110
588210,科创100ETF易方达,3.31385136,110
159761,新材料ETF国泰,1.66616948,110
159918,中创400ETF嘉实,0.83737863,110
588370,科创50增强ETF南方,1.17306288,110
159387,创业板新能源ETF国泰,16.2948389,110
589950,科创100ETF富国,3.86731736,110
516260,物联网ETF华夏,0.73834969,110
159667,工业母机ETF国泰,22.51671016,110
159663,机床ETF华夏,5.28576822,110
588500,科创100增强ETF易方达,1.11322431,110
588030,科创100ETF博时,51.49540192,110
562500,机器人ETF华夏,184.78513504,110
159895,物联网ETF易方达,1.16399164,110
159153,消费电子ETF鹏华,1.0539644,110
159142,科创创业人工智能ETF景顺,13.06181958,110
517850,张江ETF汇添富,0.51740946,110
562360,机器人ETF银华,3.27669118,110
588430,科创创业人工智能ETF工银,1.5408891,110
159193,新能源电池ETF银华,2.3376162,110
159213,机器人ETF汇添富,5.94809529,110
515250,智能汽车ETF富国,5.06783889,110
159270,创业板200ETF南方,1.28230706,110
562560,信息技术ETF华夏,0.51802758,110
159538,信创ETF富国,1.1497644,110
588190,科创100ETF银华,28.72073199,110
159888,智能汽车ETF华夏,0.92625497,110
563210,专精特新ETF富国,2.21350509,110
589550,科创价值ETF华夏,0.34351289,110
516520,智能驾驶ETF华泰柏瑞,11.61255087,110
159139,科创创业人工智能ETF华泰柏瑞,2.22299515,110
159543,国证2000ETF工银,0.71974226,110
588420,科创创业人工智能ETF摩根,2.1597776,110
516780,稀土ETF华泰柏瑞,24.48620518,110
159258,机器人ETF南方,15.68460143,110
560230,光伏ETF富国,0.70091775,110
588220,科创100ETF鹏华,61.71418665,110
159770,机器人ETF天弘,69.1549052,110
562700,汽车零部件ETF华夏,1.5604675,110
512710,军工龙头ETF富国,80.21704274,110
159864,光伏ETF国泰,5.09424997,110
159779,消费电子ETF招商,2.35305798,110
159572,创业板200ETF易方达,3.17754844,110
159537,信创ETF国泰,1.129795,110
159539,信创ETF广发,1.36896453,110
159178,消费电子ETF汇添富,0.93021531,110
588980,科创100ETF广发,0.2330272,110
159795,智能汽车ETF汇添富,0.28817371,110
159389,数字经济ETF嘉实,1.62372085,110
560310,光伏ETF博时,1.7859834,110
588800,科创100ETF华夏,26.26583534,110
588880,科创100ETF华泰柏瑞,1.7488768,110
516330,物联网ETF华泰柏瑞,0.14901017,110
159540,信创ETF易方达,2.22858261,110
159107,创业板软件ETF富国,5.24408282,110
562950,消费电子ETF易方达,19.45312039,110
159208,航空航天ETF万家,3.78970713,110
516150,稀土ETF嘉实,80.76435239,110
159256,创业板软件ETF华夏,3.98432833,110
588550,科创综指增强ETF易方达,0.8650411,110
588900,科创100ETF南方,6.08635509,110
589580,科创综指ETF兴银,0.17126839,110
516230,光伏ETF招商,7.73147193,110
159267,航天ETF华安,22.75791018,110
159575,创业板200ETF银华,0.20585002,110
515370,光伏ETF华夏,11.4044212,110
159732,消费电子ETF华夏,35.87394251,110
561600,消费电子ETF平安,2.29205718,110
159713,稀土ETF富国,9.26150018,110
159939,信息技术ETF广发,10.16322493,110
589980,科创100ETF汇添富,2.42179626,110
159618,光伏ETF华安,0.56994565,110
159227,航空航天ETF华夏,49.98947917,110
516880,光伏ETF银华,10.07121183,110
516180,光伏ETF平安,1.81208508,110
159715,稀土ETF易方达,8.19214036,110
516290,光伏ETF汇添富,5.22620723,110
159701,物联网ETF招商,0.10941953,110
159658,数字经济ETF华安,0.8301842,110
588120,科创100ETF国泰,11.15716247,110
159141,科创创业人工智能ETF永赢,14.92937054,110
589270,科创100ETF前海开源,0.47406009,110
512660,军工ETF国泰,75.84690638,110
159241,航空航天ETF天弘,12.18139492,110
588960,科创新能源ETF富国,2.43347013,110
589780,科创200ETF富国,0.8225369,110
589880,科创综指ETF建信,6.26613404,110
560630,机器人ETF万家,1.71192924,110
562970,光伏ETF易方达,5.40018864,110
159863,光伏ETF鹏华,2.16038222,110
588510,N科创创业人工智能ETF华夏,4.00366583,110
563380,航空航天ETF华泰柏瑞,8.9279445,110
561100,消费电子ETF富国,9.51252264,110
589660,科创综指ETF南方,4.4290404,110
159311,数字经济ETF易方达,0.61478413,110
159609,光伏ETF浦银,1.8181463,110
560800,数字经济ETF鹏扬,4.03379858,110
589960,科创新能源ETF易方达,1.41275916,110
589900,科创综指ETF博时,2.89209337,110
159123,光伏ETF嘉实,5.08939654,110
588830,科创新能源ETF鹏华,10.03672297,110
159566,储能电池ETF易方达,75.48980897,110
589080,科创综指ETF汇添富,2.26834223,110
512560,军工ETF易方达,5.84101606,110
159255,通用航空ETF易方达,0.59433785,110
159231,通用航空ETF华宝,1.84558633,110
159857,光伏ETF天弘,21.32920407,110
561220,数字经济ETF工银,0.72286875,110
588950,科创50ETF景顺,3.78522081,110
159786,VRETF银华,1.09697503,110
515790,光伏ETF华泰柏瑞,84.6185593,110
159392,航空ETF富国,2.12760342,110
159385,数字经济ETF富国,0.73441755,110
563870,通用航空ETF鹏华,0.88438091,110
512680,军工ETF广发,43.31714556,110
512810,军工ETF华宝,6.29313294,110
589050,科创综指ETF兴业,0.681036,110
589890,科创综指ETF景顺,1.56063641,110
560980,光伏龙头ETF广发,4.23123524,110
589680,科创综指ETF鹏华,14.57008844,110
589800,科创综指ETF易方达,15.92620437,110
512670,国防ETF鹏华,21.4290659,110
159230,通用航空ETF华夏,3.7297343,110
588450,科创50增强ETF招商,1.10299518,110
159378,通用航空ETF永赢,6.33872154,110
589330,N科创200ETF东财,2.0834543,110
589860,科创综指ETF天弘,2.80699376,110
588870,科创50ETF汇添富,4.5437532,110
588460,科创50增强ETF鹏华,13.3867489,110
589850,科创50ETF东财,5.67941058,110
589000,科创综指ETF华夏,13.28198407,110
589990,科创综指ETF华泰柏瑞,1.9612071,110
588940,科创50ETF富国,6.4366562,110
588080,科创50ETF易方达,356.20533149,110
159530,机器人ETF易方达,149.54808818,110
588720,科创50ETF中银,1.72117986,110
159272,机器人ETF富国,19.23920172,110
588040,科创50ETF鹏华,1.07021643,110
589250,科创芯片设计ETF浦银,0.88152516,110
159278,机器人ETF鹏华,12.22484983,110
589110,科创人工智能ETF国泰,6.58491919,110
588930,科创人工智能ETF银华,9.45132188,110
589010,科创人工智能ETF华夏,17.14311982,110
512330,信息科技ETF南方,7.062072,110
159638,高端装备ETF嘉实,14.12300813,110
588090,科创50ETF华泰柏瑞,34.70401967,110
516800,智能制造ETF华宝,2.2704032,110
588180,科创50ETF国联安,11.06208738,110
588140,科创200ETF广发,3.4404634,110
588840,科创50ETF万家,0.50664792,110
588000,科创50ETF华夏,609.17772205,110
588150,科创50ETF南方,3.75346136,110
589500,科创综指ETF工银,1.5828156,110
589770,科创综指ETF招商,2.97853426,110
589220,科创200ETF国泰,4.56901288,110
588780,科创芯片设计ETF国联安,10.30428102,110
588730,科创人工智能ETF易方达,12.03511076,110
588270,科创200ETF易方达,6.0493719,110
589060,科创综指ETF东财,1.24942843,110
588060,科创50ETF广发,57.57704784,110
588240,科创200ETF鹏华,2.2990839,110
589520,科创人工智能ETF华宝,5.27761016,110
589300,科创综指ETF嘉实,0.89298083,110
588280,科创50ETF华安,3.28532823,110
588050,科创50ETF工银,84.23262742,110
588010,科创新材料ETF博时,2.3516408,110
588670,科创综指增强ETF嘉实,0.76228608,110
589560,科创人工智能ETF汇添富,2.87624695,110
589180,科创新材料ETF汇添富,0.37628936,110
588230,科创200ETF华泰柏瑞,13.38502504,110
588790,科创AIETF博时,31.52399432,110
588160,科创新材料ETF南方,2.07138384,110
159665,半导体龙头ETF工银,4.7246299,110
159559,机器人ETF景顺,21.71535741,110
159283,通用航空ETF南方,2.9903486,110
588820,科创200ETF华夏,3.473884,110
563320,通用航空ETF华泰柏瑞,2.10255836,110
589090,科创AIETF鹏华,2.27403423,110
589070,科创芯片设计ETF天弘,3.72617731,110
588760,科创人工智能ETF广发,19.83570968,110
589230,科创人工智能ETF南方,2.50801947,110
589210,科创芯片设计ETF广发,0.79438066,110
589630,科创综指ETF国泰,2.96462801,110
589260,科创芯片设计ETF国泰,0.93548308,110
516920,芯片ETF汇添富,7.4719666,110
588100,科创信息ETF嘉实,1.82311226,110
589320,科创200ETF嘉实,2.56010252,110
159813,半导体ETF鹏华,55.70810691,110
588920,科创芯片ETF鹏华,3.00764586,110
159310,芯片ETF天弘,13.41957094,110
589170,科创芯片设计ETF鹏华,1.24211163,110
589160,科创芯片ETF广发,2.6715332,110
516350,芯片ETF易方达,21.41127861,110
589820,科创200ETF建信,1.91988757,110
589380,科创AIETF富国,1.66676958,110
589030,科创芯片设计ETF易方达,3.87090031,110
159801,芯片ETF广发,49.33680297,110
589190,科创芯片ETF华宝,15.76344653,110
516640,芯片ETF富国,18.54228478,110
588990,科创芯片ETF博时,6.70809833,110
588750,科创芯片ETF汇添富,59.87721376,110
159546,集成电路ETF国泰,4.85402958,110
589130,科创芯片ETF易方达,41.2472082,110
588810,科创芯片ETF富国,10.00616256,110
588890,科创芯片ETF南方,32.958724,110
159995,芯片ETF华夏,279.78820172,110
159516,半导体设备ETF国泰,235.62257324,110
588910,科创价值ETF建信,1.82007676,110
560780,半导体设备ETF广发,53.27990336,110
561660,通用航空ETF平安,0.7347434,110
588520,科创增强ETF永赢,0.19344801,110
588200,科创芯片ETF嘉实,459.82900925,110
589280,科创增强ETF华宝,0.90494378,110
588290,科创芯片ETF华安,46.53000704,110
561980,半导体设备ETF招商,40.9939902,110
159560,芯片ETF景顺,4.11737752,110
159599,芯片ETF东财,16.06510462,110
588770,科创信息ETF摩根,5.93432231,110
589200,科创200ETF工银,0.38745133,110
159145,工业软件ETF广发,0.81801443,110
589100,科创芯片ETF国泰,8.19873564,110
159325,半导体ETF南方,7.88351648,110
588850,科创机械ETF嘉实,1.32569067,110
588260,科创信息ETF华安,1.31379186,110
159108,工业软件ETF博时,1.51012422,110
159558,半导体设备ETF易方达,85.62971777,110
562590,半导体设备ETF华夏,38.96051681,110
159327,半导体设备ETF万家,13.37831148,110
159582,半导体ETF博时,5.38467565,110
159180,软件ETF银华,0.42692159,110
512480,半导体ETF国联安,190.53367603,110
562820,集成电路ETF嘉实,3.60585264,110
512760,芯片ETF国泰,106.84874567,110
588170,科创半导体ETF华夏,106.51065725,110
512630,卫星ETF广发,21.16141082,110
589020,科创半导体设备ETF鹏华,9.39580103,110
563530,卫星ETF易方达,19.15377548,110
588710,科创半导体设备ETF华泰柏瑞,22.81904075,110
563790,卫星ETF鹏华,10.44923054,110
563230,卫星ETF富国,47.90246146,110
159218,卫星ETF招商,38.94305417,110
159206,卫星ETF永赢,188.00883589,110
